{"mean": 0.052646082364016585, "std": 0.0010295499813732362}